name,createdOn,phone,email
Paula Kris,Wed Dec 28 2005 00:19:32 GMT-0500 (Eastern Standard Time),410.019.2244,Damaris@chyna.ca
Lorenz Hackett,Mon Dec 23 1985 01:18:31 GMT-0500 (Eastern Standard Time),703-473-4842,Everett_Muller@vivian.org
Bonnie Kshlerin,Tue Sep 04 1990 20:57:33 GMT-0400 (Eastern Daylight Time),(299)782-6183 x0012,Alyce@vance.biz
Elisabeth White,Wed Sep 01 2010 14:09:08 GMT-0400 (Eastern Daylight Time),189-148-0116 x32662,Marvin@bernhard.biz
Jess Jones,Fri Apr 06 2018 06:20:18 GMT-0400 (Eastern Daylight Time),690.124.9731,Emmet@dangelo.ca
Johann Reilly IV,Fri Jul 19 2002 02:44:27 GMT-0400 (Eastern Daylight Time),809-944-6066 x870,Duncan_Predovic@favian.name
Marian Mante II,Mon Aug 15 2016 20:29:39 GMT-0400 (Eastern Daylight Time),1-896-626-5905,Rashawn_Stroman@bert.me
Charlene Mante,Thu Apr 28 1988 17:30:54 GMT-0400 (Eastern Daylight Time),(933)747-3148,Myrtice@dorcas.ca
Ethan Kovacek,Wed Apr 29 2020 18:34:43 GMT-0400 (Eastern Daylight Time),694.519.8952,Annetta.Daniel@victoria.biz
Armani Hamill Jr.,Thu May 20 1993 10:51:23 GMT-0400 (Eastern Daylight Time),401-117-4410 x7977,Rebecca.Little@opal.me
Ocie Macejkovic,Sun Feb 03 2008 16:16:23 GMT-0500 (Eastern Standard Time),1-144-982-1861,Sam@alice.net
Lane Feest,Sun Nov 29 1992 02:40:29 GMT-0500 (Eastern Standard Time),252-351-6219 x996,Rod_Kirlin@samantha.com
Gayle Gislason,Thu Mar 20 2014 17:48:35 GMT-0400 (Eastern Daylight Time),1-276-285-5300 x9054,Ronaldo@sidney.info
Haleigh Boyer,Fri Apr 21 2017 18:33:08 GMT-0400 (Eastern Daylight Time),(279)977-1971 x6054,Nadia@sid.info
Tamara Hills,Thu Mar 06 1980 20:22:48 GMT-0500 (Eastern Standard Time),373-590-0855 x998,Finn@makayla.tv
Melany McClure II,Sat Dec 21 2013 21:09:03 GMT-0500 (Eastern Standard Time),(966)346-9909 x7936,Natalia_Deckow@rashawn.ca
Kelli Hahn,Fri Nov 02 1990 07:58:02 GMT-0500 (Eastern Standard Time),103.888.4471 x02921,Lester.Hermiston@monserrat.info
Tyrel Blick,Fri May 20 2011 22:25:53 GMT-0400 (Eastern Daylight Time),1-027-333-9418 x416,Jacques@chaz.net
Kenton Effertz,Thu Jun 17 2004 10:01:13 GMT-0400 (Eastern Daylight Time),507.566.9704 x21820,Enos@gene.biz
Nico Gislason,Tue Dec 28 1993 08:24:33 GMT-0500 (Eastern Standard Time),732.129.4948 x84526,Luigi.Rath@amya.us
Miss Michel Fritsch,Mon Apr 13 1981 13:45:03 GMT-0500 (Eastern Standard Time),532.553.3814 x333,Gerson@pablo.com
Brennan Skiles,Thu Feb 02 1995 07:48:38 GMT-0500 (Eastern Standard Time),(258)008-8325,Newton_Cassin@ignacio.info
Emmet Emard,Wed Jul 28 1982 02:46:23 GMT-0400 (Eastern Daylight Time),1-841-472-3608 x64410,Shanny.Kozey@issac.com
Mrs. Leanne McClure,Sun Dec 16 1990 22:28:14 GMT-0500 (Eastern Standard Time),(128)790-1988 x269,Lourdes_Hegmann@rudolph.io
Alford Hills,Mon Jan 07 1985 08:59:56 GMT-0500 (Eastern Standard Time),367-102-7838 x4755,Judah@armand.org
Estella Prosacco,Sun Sep 02 2007 09:06:46 GMT-0400 (Eastern Daylight Time),829.788.7696,Anibal.Stoltenberg@danny.org
Brando Hettinger,Wed Apr 06 2005 01:06:01 GMT-0400 (Eastern Daylight Time),1-505-205-9348 x212,Barney@raymundo.biz
Myrtie Senger,Mon Oct 31 2005 16:41:23 GMT-0500 (Eastern Standard Time),240-789-3928,Dolly@sarina.net
Bernie Keebler,Sat May 26 1990 23:26:10 GMT-0400 (Eastern Daylight Time),1-234-330-5440 x9524,Wilber@vernie.io
Carleton Hickle,Fri Feb 11 2011 05:48:22 GMT-0500 (Eastern Standard Time),846-998-6928 x7316,Kara_Gislason@alvis.io
Eriberto Auer,Sat Jul 23 2016 11:21:38 GMT-0400 (Eastern Daylight Time),674-970-2176 x5111,Angus@issac.us
Caterina Lubowitz,Sun Jun 12 2011 20:08:15 GMT-0400 (Eastern Daylight Time),334-319-2065 x18709,Camila@isabella.net
Isabel Stehr,Sat Sep 09 2006 03:37:13 GMT-0400 (Eastern Daylight Time),1-604-528-8651,Katrine.Mraz@conor.us
Verda Cartwright,Mon Nov 06 2006 04:18:40 GMT-0500 (Eastern Standard Time),994-190-8673 x3952,Noel@donnie.tv
Carolyn McClure,Fri May 01 1987 19:35:58 GMT-0400 (Eastern Daylight Time),1-420-624-0521,Dianna@jared.org
Dr. Hayden Friesen,Wed Jun 15 1994 19:02:57 GMT-0400 (Eastern Daylight Time),1-708-105-8136 x2457,Granville@eudora.info
Dr. Laurie Carter,Tue Sep 26 2017 07:35:43 GMT-0400 (Eastern Daylight Time),075.393.2932,Maureen@sophie.io
Arvid Swaniawski,Thu Aug 31 2000 22:17:02 GMT-0400 (Eastern Daylight Time),840-827-9541 x9323,Marcus.Hagenes@lamont.org
Garett Grimes IV,Thu Sep 25 2008 10:14:43 GMT-0400 (Eastern Daylight Time),1-633-020-3684,Gussie@mckenna.ca
Sonia Anderson DDS,Thu Mar 03 1994 09:06:46 GMT-0500 (Eastern Standard Time),1-388-001-3160 x055,Breana_Connelly@rahsaan.ca
Jerad Mosciski,Sun Feb 29 2004 08:14:02 GMT-0500 (Eastern Standard Time),1-164-470-4149 x400,Euna@holden.ca
Robb Wehner,Thu Mar 20 2014 15:02:30 GMT-0400 (Eastern Daylight Time),482-332-8416 x2455,America@clint.co.uk
Edwina Kemmer,Thu Jul 05 2012 15:29:36 GMT-0400 (Eastern Daylight Time),(871)680-4834 x77986,Gay_Beatty@baron.biz
Ms. Robb Hills,Sat Jul 30 2016 10:20:27 GMT-0400 (Eastern Daylight Time),(303)738-1933 x50076,Kimberly_Schinner@myra.ca
Jessie Wunsch,Wed Apr 13 1994 03:27:32 GMT-0400 (Eastern Daylight Time),079.881.4096 x61713,Lonnie.Brown@einar.ca
Mellie O'Keefe,Tue Sep 24 1996 23:18:09 GMT-0400 (Eastern Daylight Time),248-447-0106 x68207,Margaret.Stamm@hilbert.net
Dana McLaughlin,Mon Oct 23 2006 05:59:52 GMT-0400 (Eastern Daylight Time),(545)925-5879,Katlyn@monroe.org
Brianne Koelpin,Mon Jun 11 2007 17:00:20 GMT-0400 (Eastern Daylight Time),(360)795-0417 x89063,Jules.Herman@beau.info
Mrs. Guido Reichert,Sat Feb 24 1990 13:00:16 GMT-0500 (Eastern Standard Time),492.287.3343 x2202,Valerie@hallie.me
Ramona Rodriguez I,Sat Jan 29 1983 04:39:44 GMT-0500 (Eastern Standard Time),1-228-035-9225,Keara.Weissnat@unique.me
Barton Botsford DDS,Thu Feb 12 1987 22:27:01 GMT-0500 (Eastern Standard Time),1-723-434-7739 x5302,Cole@lenore.tv
Dion Nader,Wed Aug 09 1995 01:31:37 GMT-0400 (Eastern Daylight Time),212-151-8918 x785,Colt@sonia.ca
Raoul Konopelski,Sat Apr 02 2016 19:51:26 GMT-0400 (Eastern Daylight Time),1-387-162-4277 x1217,Cassandre.Herzog@ambrose.me
Macy Vandervort DDS,Sun May 07 2017 02:21:26 GMT-0400 (Eastern Daylight Time),485-921-1201,Rachael@franz.biz
Doug Schroeder I,Wed Jun 09 1982 02:18:54 GMT-0400 (Eastern Daylight Time),117-915-3758 x9213,Vernie_Nienow@pietro.ca
Sedrick Hyatt,Wed Sep 14 2005 02:36:56 GMT-0400 (Eastern Daylight Time),617-086-5173,Imani_Hickle@celestine.com
Ashley Wisoky,Mon Jan 28 1980 05:08:23 GMT-0500 (Eastern Standard Time),836-651-6278 x43183,Bethany_Conroy@wilbert.io
Royal Block Jr.,Fri Apr 14 1989 04:52:14 GMT-0400 (Eastern Daylight Time),(130)301-8951,Simeon@eleanore.net
Skyla Nolan,Mon Jan 15 2018 21:19:34 GMT-0500 (Eastern Standard Time),1-353-770-2048 x657,Halle@filomena.io
Arnoldo Kuphal,Sat Sep 07 1985 18:47:57 GMT-0400 (Eastern Daylight Time),(732)283-7611 x186,Sadie.Bechtelar@guido.info
Miss Ned Gottlieb,Mon Aug 27 2007 18:49:53 GMT-0400 (Eastern Daylight Time),(161)719-9306 x14095,Robbie@estel.info
Stephon Mraz MD,Mon Oct 21 1991 11:29:24 GMT-0400 (Eastern Daylight Time),(109)335-7569 x081,Tobin_Nikolaus@susie.info
Adrienne Hand I,Sun Oct 10 2004 13:39:05 GMT-0400 (Eastern Daylight Time),390-409-8395 x04000,Vilma_Fritsch@lisette.net
Chadd Kuhlman DDS,Tue Feb 28 2006 14:13:34 GMT-0500 (Eastern Standard Time),(035)676-1934,Matteo@kale.net
Jason Moen,Sat Dec 07 2019 01:21:11 GMT-0500 (Eastern Standard Time),910.084.0932 x6949,Johnny@frida.info
Saul Considine MD,Tue Jan 29 2013 13:17:58 GMT-0500 (Eastern Standard Time),175.512.3461 x15564,Mireya.Morar@russell.com
Ellis Mante,Fri Jul 16 1999 20:11:54 GMT-0400 (Eastern Daylight Time),822-501-5361 x577,Breana_Weimann@garrison.org
Mrs. Alex Ferry,Tue Apr 11 2000 12:00:19 GMT-0400 (Eastern Daylight Time),1-390-783-6529 x853,Chadrick@madge.us
Waino Kunze,Tue Nov 04 2003 17:31:28 GMT-0500 (Eastern Standard Time),1-789-506-2494 x732,Sasha.Cormier@anthony.us
Hulda Kub,Thu Feb 07 2008 10:25:23 GMT-0500 (Eastern Standard Time),(072)805-9094,Leann@carole.com
Austin Brekke,Wed Dec 25 2019 19:12:53 GMT-0500 (Eastern Standard Time),016-656-9836 x6236,Gaetano_Windler@leola.info
Adrian Spinka,Sun Mar 15 1998 14:50:20 GMT-0500 (Eastern Standard Time),(473)283-1449 x684,Ana@maiya.net
Hailey Stokes DDS,Fri Feb 02 1996 11:27:57 GMT-0500 (Eastern Standard Time),346-499-8473 x25523,Kelsie_Altenwerth@kamron.ca
Dortha Dare,Wed Aug 06 2014 06:58:39 GMT-0400 (Eastern Daylight Time),257.195.9544 x6639,Sadie.Bailey@tyrel.name
Stanley Mayer,Thu Oct 28 1982 05:51:46 GMT-0400 (Eastern Daylight Time),1-131-861-1276 x200,Horacio_Renner@maximilian.name
Opal Block,Wed Dec 25 2013 21:29:07 GMT-0500 (Eastern Standard Time),580-775-9249,Jane@ella.tv
Madyson Morar,Sat Jan 18 1997 15:08:33 GMT-0500 (Eastern Standard Time),(481)623-1722 x6966,Abelardo.Crona@dewitt.ca
Eliseo Wolff,Thu Jan 14 1993 14:55:44 GMT-0500 (Eastern Standard Time),590.673.0225 x1658,Colin_Watsica@rocky.biz
Mrs. Ciara Kirlin,Sat Mar 19 2016 03:47:36 GMT-0400 (Eastern Daylight Time),345-837-2536,Micah@ayla.info
Jaycee Buckridge PhD,Wed Oct 23 2013 07:09:45 GMT-0400 (Eastern Daylight Time),651-164-4784,Tre@madonna.biz
Karina Schowalter,Wed Jan 29 2003 17:22:30 GMT-0500 (Eastern Standard Time),1-097-170-6195,Mariam_Sawayn@reilly.co.uk
Cyrus Williamson,Fri Dec 20 1991 14:02:45 GMT-0500 (Eastern Standard Time),756.975.5022,Marguerite@agnes.biz
Murphy Weimann,Tue Jun 02 1992 13:35:06 GMT-0400 (Eastern Daylight Time),604.749.4175,Peggie_Osinski@jamey.me
Virgie McCullough,Sat Apr 03 1993 03:27:42 GMT-0500 (Eastern Standard Time),944-462-5369 x4967,Rosa_Wisozk@aletha.us
Guiseppe Sauer,Thu Dec 13 2012 11:27:46 GMT-0500 (Eastern Standard Time),016.908.4627 x32375,Elvie@shannon.biz
Rosalinda Miller,Sat Oct 01 1988 12:21:26 GMT-0400 (Eastern Daylight Time),612.219.5410 x3032,Brian_Halvorson@roxane.tv
Deondre Russel,Wed Oct 11 1995 16:01:05 GMT-0400 (Eastern Daylight Time),1-620-895-6623 x247,Letha.Reynolds@renee.tv
Desmond Feeney,Mon Feb 18 2019 10:05:04 GMT-0500 (Eastern Standard Time),455-007-1843,Lloyd@reinhold.net
Lexus Cole,Thu Mar 25 1993 13:57:30 GMT-0500 (Eastern Standard Time),(662)349-5840 x971,Nicolas_Dach@lisette.org
Bret Renner V,Tue Aug 13 1996 19:07:39 GMT-0400 (Eastern Daylight Time),(002)442-2588,Zetta.Hyatt@marty.us
Colton O'Hara PhD,Sun Aug 06 1989 21:09:10 GMT-0400 (Eastern Daylight Time),1-186-749-8893 x708,Arjun@eduardo.org
Ellsworth Wuckert,Tue Nov 18 2003 05:17:19 GMT-0500 (Eastern Standard Time),915-520-9198 x11249,Carley@waino.biz
Camren Kris,Sun May 27 2007 17:48:31 GMT-0400 (Eastern Daylight Time),1-880-048-4505,Clarissa_Labadie@jaime.info
Adrianna McCullough,Wed Jan 17 1996 06:44:05 GMT-0500 (Eastern Standard Time),(766)857-6804 x3531,Cecile@hilma.biz
Leda Koelpin,Thu Nov 02 2006 14:22:00 GMT-0500 (Eastern Standard Time),(531)051-1169,Demario@noah.co.uk
Desiree Bashirian,Mon Apr 20 1998 01:56:24 GMT-0400 (Eastern Daylight Time),716.934.4708,Alec_Harris@nichole.net
Dwight Schimmel Sr.,Thu Dec 08 2011 08:30:58 GMT-0500 (Eastern Standard Time),(666)863-8317 x602,Emilia@destiney.net
Mr. Verla Dicki,Tue Sep 23 2008 04:45:08 GMT-0400 (Eastern Daylight Time),111.854.7265,Mervin_Maggio@cheyanne.com
Sandy Hermiston,Fri Nov 19 1993 17:19:54 GMT-0500 (Eastern Standard Time),726-888-8627,Shanel@myron.com
Syble Marquardt,Wed Apr 14 2010 05:53:09 GMT-0400 (Eastern Daylight Time),(273)600-9934,Ewald@johathan.me
